pir,ldr_1,ldr_2,temp,mic,led_on,timestamp
0,1,1,19.0,82,0,1656912201
1,1,1,19.22,87,1,1656811930
0,0,1,18.81,80,0,1657273938
0,0,1,19.11,80,1,1657365222
0,1,1,18.74,85,0,1656998197
0,0,1,20.34,76,1,1657911804
1,0,1,19.33,80,1,1657563441
0,1,1,18.89,85,0,1657269735
0,1,1,19.24,87,1,1656724252
0,1,1,19.35,83,1,1657856551
0,1,1,18.57,81,1,1657440289
0,0,1,18.7,80,0,1657460711
0,0,1,19.73,82,1,1657997088
0,0,1,19.05,75,1,1658060151
0,1,1,18.92,82,0,1657265532
1,1,1,19.07,80,0,1657667343
0,0,1,19.33,82,0,1657045206
0,0,1,19.05,83,0,1656957832
0,0,1,18.92,85,0,1657279943
0,0,1,19.73,89,1,1656790303
0,0,1,18.57,81,1,1656757280
0,1,1,19.33,90,1,1656902595
1,0,1,19.4,77,0,1657660136
0,0,1,19.35,77,0,1656774691
0,0,1,19.66,82,1,1656850354
1,1,0,19.51,85,0,1657939431
1,0,1,19.0,81,1,1656765685
0,0,1,19.62,82,1,1657485349
1,0,1,18.87,87,1,1657797697
0,1,1,18.98,80,0,1658048139
0,1,1,19.07,81,0,1656642575
0,0,1,19.18,86,0,1657726829
0,1,1,19.4,81,0,1657488353
1,1,1,19.03,89,1,1657505179
0,1,1,19.05,80,0,1656742268
0,0,1,18.46,89,0,1657025345
0,1,1,19.2,82,0,1657866761
0,0,1,19.22,85,1,1657556235
0,0,1,18.28,82,1,1657709389
0,1,1,18.7,83,1,1657431282
0,0,1,19.03,80,0,1658051743
0,1,1,19.03,80,1,1656631165
0,0,1,18.48,84,1,1657536417
1,1,1,19.51,80,1,1657064583
0,0,1,19.07,85,0,1657127965
1,1,1,19.03,85,0,1656970443
0,0,1,17.58,91,1,1657534015
1,1,0,19.51,87,0,1657327388
0,1,1,18.81,83,1,1657171060
0,0,1,18.48,85,1,1656933814
1,1,1,19.18,80,1,1657849345
0,1,1,19.03,94,0,1656558712
0,1,1,18.92,75,1,1656569603
0,1,1,18.19,80,0,1658039130
0,0,1,18.46,82,0,1656930212
0,0,1,18.65,73,0,1656674999
0,1,1,19.27,82,1,1657746648
0,0,1,18.7,80,0,1657792892
0,1,1,19.0,87,0,1657747850
0,0,1,19.44,75,0,1657480545
0,0,1,19.38,80,1,1657468519
0,1,1,18.92,80,0,1657263730
0,0,1,19.16,85,0,1657381435
0,1,1,19.22,79,0,1656736263
0,1,1,18.83,80,0,1657352011
1,0,1,18.57,85,1,1656932013
1,1,1,18.98,80,0,1657669145
0,1,1,19.0,80,1,1656994586
0,1,1,18.78,80,0,1657961053
0,0,1,19.79,89,1,1657303964
0,0,1,18.37,82,0,1657187874
0,1,1,18.92,81,0,1657429481
0,0,1,19.22,77,1,1656770488
1,0,1,19.31,86,1,1657476926
0,1,1,19.03,80,0,1657956249
0,1,1,18.61,80,0,1657271537
0,1,1,19.66,81,1,1656888180
0,1,1,18.94,80,0,1657787487
0,1,1,18.78,85,0,1657088777
1,0,1,18.68,82,1,1657718412
0,1,1,18.74,84,1,1657873367
1,0,1,19.73,85,0,1657648121
0,1,1,19.18,80,1,1657785686
0,0,1,19.35,78,1,1657825322
1,1,1,19.38,85,0,1656814932
0,1,1,19.79,81,0,1656888781
0,0,1,18.61,83,0,1657458909
0,1,1,18.63,91,0,1657843339
1,1,1,18.98,89,1,1657159651
0,0,1,19.73,80,1,1657397652
0,1,1,19.38,89,1,1656828740
0,0,1,18.7,89,0,1657792292
0,1,0,19.73,93,0,1657938230
0,1,1,18.72,91,0,1657876970
1,1,1,19.46,80,0,1656451619
0,1,0,19.51,83,1,1657946638
0,1,1,18.92,80,0,1657871565
0,0,1,19.46,86,1,1656844950
0,0,1,19.24,69,1,1657566443
0,1,1,19.03,86,1,1657427678
0,0,1,18.83,83,1,1657459510
1,1,1,19.03,97,0,1656641974
0,0,1,19.79,87,1,1657914206
1,0,1,18.98,97,1,1657630703
0,1,1,18.65,81,0,1657515392
0,0,1,19.13,80,1,1657374830
1,1,1,19.77,82,0,1658019911
0,1,1,19.03,82,0,1656647379
1,0,1,19.35,85,0,1657219701
1,0,1,19.35,79,1,1656616150
1,1,1,19.03,81,1,1657577853
1,0,1,19.03,79,0,1657028957
1,1,1,19.03,80,0,1656978851
1,0,1,18.61,82,1,1657717211
0,0,1,18.81,80,0,1657886580
0,1,1,18.83,82,1,1656626958
1,0,1,19.09,80,1,1656681605
0,0,1,18.33,87,0,1657621695
1,1,1,19.48,80,0,1657321984
0,1,1,19.27,85,1,1657501577
0,1,1,19.73,80,1,1656710440
0,1,1,19.03,90,1,1657414465
0,1,1,18.7,91,0,1657520796
0,1,1,19.35,80,1,1658034926
0,1,1,19.27,84,1,1657412664
1,0,1,19.35,85,0,1657558037
0,1,1,18.37,77,0,1657097205
0,0,1,19.4,86,0,1657469119
0,1,1,18.78,80,0,1657679961
0,0,1,19.03,85,1,1657884177
0,1,1,18.89,86,1,1657606681
0,1,1,18.83,80,1,1657872166
0,0,1,18.35,93,1,1657709990
1,1,1,19.09,81,1,1657147641
0,1,1,19.07,85,1,1657578454
1,0,1,19.7,86,0,1657388042
0,1,1,18.83,80,0,1656993382
0,1,1,19.27,81,0,1657070059
0,1,1,18.87,80,1,1656987857
1,1,1,18.83,82,0,1656974646
0,1,1,19.0,81,0,1657867962
0,0,1,19.09,86,1,1657475124
1,0,1,19.27,80,0,1657644517
1,1,1,19.09,80,1,1657756257
0,0,1,18.35,87,0,1657708788
0,1,1,19.18,82,1,1657579055
0,0,1,19.66,73,0,1657723220
1,0,1,19.73,82,0,1658001293
0,0,1,19.03,82,1,1658058349
0,0,1,19.27,80,0,1657655932
0,1,1,18.7,81,0,1657688969
1,0,1,19.13,104,1,1657373028
1,1,1,19.4,82,1,1657249919
0,0,1,18.83,98,0,1657361619
0,1,1,18.96,80,0,1657684765
0,1,1,18.87,91,1,1657610284
0,0,1,19.35,86,1,1657133984
1,1,1,19.24,79,1,1657934626
0,1,1,19.53,79,1,1657834331
0,1,1,19.03,80,0,1657252922
0,1,1,18.89,91,1,1657431883
1,1,1,18.96,76,1,1657673355
0,1,1,19.31,80,0,1656837146
0,1,1,19.07,82,0,1658043935
0,1,1,19.79,90,0,1657920813
0,0,0,-32.49,165,0,1656505543
0,1,1,18.94,69,0,1658046938
1,0,1,19.62,69,0,1656859360
1,0,1,20.01,85,0,1656876772
0,1,0,19.24,80,1,1657947239
0,0,1,18.96,67,1,1656768086
1,0,1,19.03,76,1,1657554433
0,1,1,18.59,80,0,1656570207
0,0,1,18.83,80,1,1656509131
0,1,1,20.01,89,0,1658013906
0,1,1,19.13,94,1,1657768870
0,1,1,18.83,90,1,1657513590
1,1,1,19.09,98,0,1657584459
0,0,1,19.42,97,0,1657817515
1,0,1,19.16,84,1,1657213695
1,1,1,19.24,81,1,1657408460
0,1,1,19.27,69,1,1656555687
1,1,1,18.96,84,0,1657151844
0,1,1,18.48,82,0,1657526203
0,1,1,18.43,79,1,1656568394
0,1,1,18.72,86,0,1657788088
1,0,1,19.51,77,1,1657976669
1,1,1,19.57,123,0,1656725453
0,1,1,19.62,81,0,1656907398
0,0,1,19.57,83,1,1657385639
1,1,1,18.92,86,0,1656980652
1,1,1,19.03,91,1,1657749050
0,0,1,19.75,81,1,1656775891
0,0,1,19.18,81,1,1656848553
1,0,1,18.96,77,1,1657281746
0,1,1,19.03,80,0,1657772474
0,1,1,18.89,94,1,1657872766
0,1,1,18.35,80,0,1657439689
1,1,1,18.96,90,1,1656977048
0,0,1,19.07,86,0,1657054893
0,1,1,18.78,77,1,1656921807
0,0,1,19.0,85,0,1657053690
0,0,1,19.03,83,1,1657633105
1,0,1,19.18,76,0,1657478731
0,0,1,20.08,84,0,1657991083
0,1,1,19.24,83,1,1657842138
1,1,1,19.86,80,0,1656540575
0,0,1,18.54,79,0,1657190277
0,1,1,19.09,87,1,1657951444
1,0,1,18.65,80,1,1657966459
0,1,1,19.03,88,0,1657663740
0,1,1,19.77,86,1,1658022914
0,0,1,18.74,83,1,1656754278
0,1,1,18.54,78,0,1657693173
0,0,1,18.61,76,0,1657109245
0,0,1,19.83,65,1,1656694230
1,0,1,19.33,83,0,1657891985
0,1,1,18.48,78,0,1657528605
1,0,1,18.39,83,0,1657540021
0,0,1,19.48,81,0,1657905198
0,0,1,19.24,81,0,1656845551
0,1,0,19.55,81,0,1657329190
0,1,1,19.03,80,1,1658048740
0,1,1,18.94,78,1,1657091787
0,1,1,19.03,71,0,1657770672
0,1,1,18.89,80,0,1657258927
1,0,1,19.05,85,0,1657287150
0,0,1,19.83,80,0,1656881575
0,0,1,18.57,80,1,1657634306
1,1,1,19.48,86,0,1657406058
0,0,1,19.18,85,0,1658059550
0,1,1,19.35,81,0,1656895989
0,1,1,18.81,89,1,1657257125
1,0,1,18.7,91,1,1657199884
0,0,1,18.65,83,0,1657362820
0,0,1,18.89,73,0,1656951227
0,1,1,19.33,71,1,1656720648
0,1,1,19.03,85,0,1657260128
1,1,1,19.16,80,1,1657060372
0,0,1,18.61,80,1,1656674399
0,0,1,19.4,79,0,1657482947
0,1,1,19.07,85,1,1657255924
1,1,1,18.78,80,1,1656975847
1,0,1,19.57,91,0,1657223307
0,1,1,18.92,86,1,1657171661
1,1,1,19.05,86,1,1656987257
0,0,1,19.18,86,1,1657804903
1,1,1,19.33,80,0,1657324386
0,1,1,19.57,78,1,1656887580
1,0,1,19.73,76,0,1657649322
0,1,1,18.81,83,1,1657785085
0,1,1,19.33,84,0,1657854750
0,1,0,19.55,88,1,1657330391
1,1,1,19.57,81,1,1657059607
0,1,1,18.98,81,0,1656458817
0,1,1,19.11,80,0,1656623956
0,1,1,19.35,85,0,1657765267
1,0,1,19.51,84,0,1656852756
1,1,1,19.46,82,1,1656454017
0,1,1,19.75,86,0,1656883377
0,1,1,18.98,77,1,1657520196
1,0,1,19.03,80,1,1656599325
0,0,1,18.54,84,1,1656754878
1,0,1,19.07,91,1,1657208892
1,0,1,19.29,77,1,1657556836
1,1,1,19.03,89,1,1657685966
0,0,1,18.33,86,1,1657625898
0,1,1,19.62,80,0,1657928620
0,1,1,19.35,84,1,1656909199
0,1,1,19.03,75,0,1657001267
0,1,1,19.03,87,0,1657595269
0,1,1,18.68,80,1,1657606080
1,1,1,18.46,90,0,1657700981
1,1,1,19.18,91,1,1657070662
0,0,1,19.53,92,1,1656523641
1,1,1,18.94,65,1,1656631765
0,0,1,19.09,74,1,1656955430
0,1,1,19.33,89,0,1658047538
0,1,1,19.16,81,0,1657774876
0,0,1,19.31,81,1,1656531504
1,0,1,19.59,92,0,1656861762
0,0,1,19.7,84,0,1656689422
1,0,1,18.89,96,0,1657282946
0,1,1,19.09,80,0,1657861956
0,1,1,18.59,83,0,1657184872
0,1,1,19.33,82,1,1657833730
0,0,1,19.03,83,1,1657040993
0,1,1,18.7,80,1,1656662390
1,1,1,18.59,80,1,1656983654
0,1,1,18.35,82,0,1657011500
0,0,1,18.39,82,1,1657450498
0,0,1,19.09,81,1,1656958433
1,1,1,19.03,85,0,1656632366
0,0,1,19.53,86,0,1657481146
0,1,1,19.4,80,0,1658034325
0,1,1,19.03,81,1,1657150643
0,0,1,19.03,83,0,1657041593
0,1,1,19.18,91,1,1657929221
1,0,1,19.73,90,1,1656882176
1,1,1,19.68,80,1,1658026518
0,0,1,19.27,93,1,1657126159
0,0,1,19.38,83,1,1657722619
0,1,1,18.92,80,0,1656650381
0,1,1,18.92,81,0,1657864358
0,1,1,18.96,80,1,1657677558
1,1,1,19.35,87,0,1657410262
1,0,1,18.41,83,0,1657531608
0,0,1,19.31,87,0,1658061352
0,0,1,19.83,75,1,1656871368
0,0,1,18.65,84,1,1657719015
0,1,1,19.0,89,0,1657512389
0,1,1,18.7,75,1,1656981853
0,1,1,19.09,83,1,1657077341
1,0,1,20.01,78,1,1657301562
1,0,1,19.62,67,1,1656618552
0,1,1,19.18,79,0,1657349009
0,0,1,19.03,87,1,1657740643
0,1,1,19.13,84,1,1657846942
1,0,1,19.18,92,0,1657728031
0,0,1,19.03,80,1,1657278142
0,1,1,18.78,79,0,1656983053
1,1,1,19.07,68,1,1656643776
0,0,1,18.43,88,0,1657704584
0,0,1,-44.33,0,1,1656508193
0,1,1,18.87,80,1,1657142836
0,1,1,19.03,80,1,1657770071
0,1,1,18.65,81,0,1657437287
0,1,1,20.82,83,0,1656804724
1,0,1,20.32,82,0,1657909402
0,1,1,19.64,80,1,1658030722
0,0,1,19.77,80,1,1657306967
0,0,1,19.51,82,0,1656853957
1,0,1,19.88,81,0,1656873770
0,0,1,19.33,80,0,1657746048
0,1,1,19.03,77,1,1656738665
0,0,1,19.09,94,1,1657052487
0,1,1,18.65,87,1,1657094195
1,1,1,19.29,94,0,1657748450
0,1,1,18.3,76,1,1657615088
0,1,1,19.35,80,1,1657338801
0,1,1,18.59,79,0,1657689570
0,1,1,19.0,80,0,1657496171
0,1,1,18.37,83,1,1656567181
0,1,1,18.72,80,1,1656472017
1,1,1,19.4,83,1,1656822136
0,0,1,19.57,81,1,1657646319
1,1,1,19.07,90,1,1657582057
1,0,1,19.33,81,1,1656685213
1,1,1,19.38,91,0,1657067653
1,0,1,19.48,65,1,1656705037
0,1,1,19.24,85,1,1657848744
0,0,1,18.52,83,0,1657112255
1,0,1,19.38,79,0,1657387441
0,1,1,19.18,74,1,1656623356
1,1,1,19.05,79,0,1657755056
1,1,1,19.4,91,0,1656814331
0,1,1,18.74,83,1,1657003072
0,0,1,18.26,78,1,1657622896
1,1,1,19.03,91,1,1657583859
0,1,1,19.16,85,0,1657508783
1,1,1,18.98,82,1,1656990259
1,1,1,19.77,94,0,1656709840
0,1,1,18.74,92,0,1657598273
1,0,1,19.73,82,0,1657906999
1,0,1,19.57,82,0,1657297358
0,1,1,19.46,80,1,1658035527
0,0,1,19.73,80,1,1657299760
0,1,1,19.24,78,1,1656732059
0,0,1,18.81,75,0,1657276340
0,0,1,18.78,86,0,1656936816
0,1,0,19.7,83,0,1657332195
0,0,1,19.81,74,0,1656879774
0,0,1,19.03,83,1,1657727431
0,0,1,19.38,77,0,1656527271
1,0,1,19.4,86,0,1657137596
0,1,1,18.89,80,1,1657090583
0,0,1,19.22,77,1,1657125558
0,1,1,18.78,66,1,1656559318
0,1,1,18.48,80,0,1657529806
1,0,1,19.38,93,0,1657372428
1,1,0,19.53,81,1,1657937629
1,0,1,18.46,83,1,1657627099
0,1,1,18.63,82,0,1656920606
1,1,0,19.0,84,1,1657588663
0,0,1,18.89,82,0,1657806105
0,1,1,19.62,77,0,1656820335
0,0,1,20.16,79,0,1657994086
0,0,1,19.7,76,1,1656617952
0,1,1,19.48,80,0,1656910400
0,1,1,19.16,93,0,1658040932
1,1,1,19.57,80,0,1656796319
1,0,1,19.09,81,0,1657565242
0,0,1,19.24,79,0,1657555034
0,0,1,18.65,80,1,1657018122
0,0,1,18.5,80,0,1656669595
1,0,1,19.31,78,1,1657553833
1,0,1,19.22,90,0,1658060752
0,1,1,19.33,83,0,1657441490
0,1,1,18.83,79,1,1657266733
1,0,1,18.78,83,1,1657546026
0,1,1,19.22,80,0,1656831142
0,1,1,19.03,85,1,1657779680
1,1,1,19.03,84,0,1657751453
0,0,1,19.07,83,0,1657202286
1,1,1,19.73,82,1,1658019311
0,0,1,19.7,82,0,1656521826
0,1,1,19.38,85,1,1657324986
0,0,1,18.76,83,0,1656933214
1,0,1,19.59,85,1,1657814512
0,0,1,19.51,80,0,1657046409
1,1,1,19.38,94,0,1657404257
0,1,1,19.2,81,0,1657350210
1,1,1,19.22,82,0,1656544204
0,0,1,19.05,69,0,1656681004
1,1,1,19.05,78,1,1656547226
1,0,1,19.83,82,1,1657911204
0,0,1,19.11,83,0,1657729232
0,1,1,19.38,71,1,1656568999
1,0,1,18.83,86,1,1657463113
0,1,1,18.7,86,1,1657174663
1,0,1,19.35,81,0,1657729833
0,1,1,19.18,80,0,1657080350
0,1,1,19.09,77,1,1657142236
0,0,1,19.53,80,1,1657827124
1,0,1,19.11,97,1,1656515782
0,0,1,18.54,88,0,1657105031
0,0,1,19.13,83,0,1656962036
1,1,1,19.46,69,0,1657410862
0,1,1,19.51,83,1,1657931023
0,0,1,19.73,85,1,1657981473
1,0,1,19.09,80,1,1657371227
0,1,1,19.07,80,1,1656638972
0,1,1,19.44,75,0,1657339402
0,1,1,18.39,78,0,1656665392
0,1,1,18.89,84,1,1656558107
1,0,1,19.73,81,0,1656688220
1,0,1,19.13,87,1,1657139831
1,0,1,19.16,81,0,1657809708
0,1,1,19.16,92,1,1657861356
0,1,1,19.18,87,1,1657859554
0,1,1,19.62,131,0,1658037328
0,1,1,18.63,80,0,1656921206
0,0,1,18.65,80,1,1656936216
0,0,1,19.03,81,0,1657120092
0,0,1,19.66,82,1,1656793317
0,1,1,18.7,86,0,1657789890
1,0,1,19.7,82,0,1657657734
0,1,1,19.35,90,0,1656901995
1,1,1,18.65,89,0,1657094797
0,1,1,18.83,83,0,1657672148
1,1,1,19.07,95,0,1656990859
0,0,1,19.57,82,0,1657389844
0,1,1,19.07,85,0,1656552667
1,1,1,19.73,81,0,1657405458
1,1,1,19.68,88,1,1656886979
1,1,1,19.4,80,1,1656712241
0,1,1,19.03,80,0,1656468417
1,0,1,19.33,83,0,1657139230
0,1,1,18.89,89,0,1657782082
0,1,1,19.24,80,0,1657073669
0,0,1,19.05,80,1,1657054291
0,0,1,18.72,84,0,1657719616
0,0,1,18.54,89,0,1657544825
1,0,1,18.98,83,0,1657369425
0,1,1,19.59,80,1,1658028320
0,1,1,18.96,80,1,1657598874
0,0,1,19.07,77,1,1657053088
1,0,1,19.97,82,0,1657910002
1,0,1,19.73,91,1,1656617351
1,0,1,19.09,82,0,1656766885
1,1,1,19.38,80,0,1656819134
0,0,1,19.31,75,0,1657561039
1,1,1,19.07,87,1,1657500376
0,1,1,18.94,82,1,1656974046
0,1,1,19.18,82,0,1657495570
1,0,1,19.83,84,0,1657986879
0,0,1,19.73,81,0,1657815113
0,1,1,18.17,80,1,1657701581
0,1,1,19.7,81,0,1656892986
0,0,1,19.09,80,1,1657288951
0,1,1,18.65,89,1,1656997595
1,0,1,19.18,80,0,1656521222
0,0,1,18.78,71,1,1656512152
1,0,1,19.09,73,0,1656604735
0,1,1,19.24,81,1,1656726655
0,1,1,19.05,73,1,1657865559
0,1,1,19.35,90,1,1656718847
1,1,1,19.0,77,0,1657424676
0,0,1,18.39,80,0,1657013908
0,0,1,19.18,80,0,1657210693
1,0,1,19.09,89,1,1657466716
0,0,1,19.48,83,1,1657822920
0,0,1,19.03,80,0,1657365822
0,1,1,18.87,72,0,1657780881
0,1,1,18.98,80,1,1657597072
0,1,1,19.13,75,1,1656638371
1,0,1,20.23,89,0,1657997689
0,0,1,19.11,91,1,1656532109
1,0,1,19.73,85,0,1656699633
0,1,1,19.73,80,0,1658012103
0,0,1,19.59,92,0,1656852155
0,1,1,19.35,90,1,1657858953
0,0,1,19.73,82,1,1656691226
0,1,1,19.09,80,0,1657673955
0,0,1,18.87,86,1,1657636109
0,0,1,19.18,85,1,1657141034
0,0,1,19.03,80,1,1657725027
0,1,1,18.33,80,1,1657097807
0,0,1,18.63,89,0,1657359217
0,0,1,19.27,81,0,1656684012
0,1,1,18.78,79,0,1656564765
1,0,1,18.76,83,1,1657028356
0,1,1,18.52,87,1,1657696176
0,1,1,19.18,83,0,1657661938
0,0,1,19.77,81,0,1657988680
1,1,1,18.72,85,0,1657266132
0,1,1,18.74,93,0,1656481619
0,1,1,19.03,80,0,1656808928
1,0,1,19.83,85,0,1657308168
1,0,1,19.33,81,1,1657552031
0,0,1,18.39,80,1,1657106837
0,1,1,19.0,85,0,1656916403
1,0,1,20.32,83,1,1657902195
0,0,1,19.0,80,1,1656947022
0,1,1,19.13,87,0,1657848143
0,0,1,19.18,90,0,1657551430
0,1,1,20.01,83,0,1658028920
0,0,1,19.16,80,0,1656950625
0,1,1,18.61,75,1,1656753077
0,0,1,19.16,92,0,1657377232
1,0,1,19.73,82,1,1657896790
1,0,1,18.92,74,0,1657370626
1,1,1,19.68,80,1,1656890583
0,1,1,19.48,82,1,1656796920
0,1,1,19.16,87,1,1657351411
1,0,1,18.94,80,1,1657801901
0,1,1,19.44,83,0,1656731459
0,1,1,18.3,86,1,1657702182
0,1,0,19.4,89,1,1657943635
0,0,1,19.35,86,1,1657657133
0,1,1,19.46,91,1,1657925617
0,0,1,18.72,78,1,1656756679
1,0,1,19.86,80,1,1656781896
1,0,1,19.73,77,1,1656777093
0,1,1,19.31,80,1,1656905597
0,0,1,19.24,86,0,1657808507
0,1,1,19.64,85,1,1658018710
0,1,1,19.31,80,1,1656721249
0,1,1,17.95,77,1,1657702782
0,1,1,18.61,80,0,1656661189
0,0,1,18.41,87,1,1657112857
0,0,1,18.48,80,1,1657099613
1,1,1,19.29,86,1,1656834144
0,1,1,18.87,83,1,1656560526
0,1,1,19.0,82,1,1657184271
0,1,1,18.46,83,0,1657529206
1,0,1,19.13,92,1,1656766285
1,0,1,19.42,87,0,1656953629
1,1,1,19.03,86,0,1656644977
0,1,1,18.76,80,0,1656656385
0,0,1,18.35,80,1,1657794094
0,0,1,19.42,80,0,1657978471
0,1,1,18.83,81,0,1657517794
0,0,1,19.35,83,1,1657217899
0,0,1,19.44,81,1,1657044604
0,1,1,18.83,76,1,1656992179
1,1,1,19.44,83,0,1657409061
0,1,1,19.31,75,1,1657840937
0,0,1,18.96,84,0,1657635507
1,0,1,19.29,82,0,1657734037
1,1,1,19.18,83,0,1656462418
0,0,1,18.87,90,0,1657374229
0,0,1,18.72,72,1,1656673799
1,1,1,19.0,80,0,1656550854
1,1,1,19.03,87,1,1656542387
0,0,1,19.31,82,0,1656768686
0,0,1,19.22,91,0,1657742444
0,1,1,18.92,82,1,1656984855
1,1,1,18.96,85,1,1656746472
0,0,1,18.61,81,0,1657107439
1,1,1,19.62,80,1,1658018110
0,1,1,19.24,79,1,1656750075
0,0,1,19.62,87,1,1656692428
1,0,1,19.66,82,1,1657645718
0,0,1,19.03,87,1,1657203487
0,1,1,19.03,81,1,1657780281
0,1,1,19.7,80,0,1656813731
0,0,1,19.11,85,0,1657730433
0,0,1,19.48,81,1,1657979071
1,1,1,19.42,91,0,1657503979
1,0,1,20.12,78,1,1656518804
0,0,1,19.2,82,1,1657638511
0,0,1,19.38,83,0,1657132178
1,0,1,19.73,82,0,1657821118
0,1,1,18.68,80,1,1657874568
0,0,1,19.13,87,0,1657380835
0,1,1,18.81,81,1,1657006082
0,0,1,18.7,86,0,1656677401
0,1,1,19.51,88,0,1658033124
0,1,0,19.53,84,1,1657333997
0,1,1,18.83,83,0,1656626358
1,1,1,19.35,71,1,1656712842
0,1,1,19.35,91,0,1656802323
0,1,1,18.92,67,0,1657775476
0,0,1,19.7,87,1,1656856358
0,1,1,19.29,82,1,1656718246
0,0,1,19.7,79,1,1656698432
0,1,1,19.03,79,0,1657776077
0,1,1,19.27,79,0,1656741668
0,1,1,17.62,78,1,1656920006
0,1,1,19.16,93,1,1656985455
0,1,1,19.42,96,0,1656807127
1,0,1,18.81,82,1,1656965638
0,0,1,19.44,86,0,1657896189
1,1,1,18.98,73,0,1657248118
0,1,1,19.11,80,1,1657426477
0,1,1,19.03,80,0,1657684165
0,0,1,18.89,90,1,1657283547
0,1,1,18.83,76,1,1657358016
0,1,1,19.59,70,1,1658013304
0,1,1,18.74,82,0,1656748274
0,1,1,18.87,87,1,1656625157
1,0,1,19.03,86,0,1657464914
1,1,1,18.48,80,0,1657096001
0,1,1,19.24,74,1,1656832943
1,0,1,19.22,80,1,1657485950
0,0,1,19.33,80,0,1657726229
1,0,1,19.38,76,1,1657218499
0,1,1,19.27,80,0,1656971643
1,1,1,19.09,90,1,1656639572
0,1,1,18.35,90,1,1657616289
0,0,1,19.4,81,0,1656619153
0,1,1,19.03,79,1,1656556291
1,1,1,19.31,77,1,1657057903
0,1,0,19.46,86,0,1657943035
0,1,1,19.03,93,1,1656557502
0,0,1,18.39,81,1,1657196882
1,1,1,19.62,82,0,1656798120
0,0,1,18.72,98,1,1657362220
0,0,1,19.7,82,1,1656694830
0,1,1,19.68,80,1,1658029521
0,1,1,18.96,83,0,1656741067
0,1,0,19.53,82,0,1657336399
0,1,1,18.78,83,0,1656988457
1,1,1,19.57,74,0,1656799921
0,1,1,18.96,80,1,1656992780
0,1,1,18.72,80,0,1656649180
0,0,1,18.7,87,1,1657276941
0,1,1,19.62,81,1,1656891784
0,0,0,-273.15,0,1,1656595559
0,1,1,19.03,92,1,1657082156
0,1,1,19.35,80,1,1656822737
0,0,1,19.75,81,0,1657650525
0,0,1,19.53,83,0,1657311171
0,1,1,19.24,86,0,1658043334
0,0,1,19.29,95,1,1657130975
0,1,1,19.62,82,1,1658010302
0,1,1,19.31,71,1,1656826339
0,0,1,19.38,69,0,1656532714
0,1,1,19.03,79,0,1657089379
0,1,1,19.09,78,1,1657084563
1,0,1,-43.67,459,0,1656507589
0,0,1,19.73,89,0,1657305165
0,0,1,18.78,80,1,1657965858
0,1,1,19.27,83,1,1656733861
0,1,1,19.03,82,1,1656811329
0,0,1,19.05,86,0,1656515178
0,0,1,19.24,83,1,1657040391
0,1,1,18.83,80,0,1656838347
0,0,1,19.09,82,0,1657118275
0,1,1,19.4,80,0,1658033725
0,1,1,18.46,80,1,1656661789
0,0,1,18.37,81,0,1657189075
1,0,1,18.72,74,0,1657570647
0,0,1,19.27,81,0,1657724421
0,1,1,18.92,80,0,1656479217
0,1,1,19.07,85,1,1656650982
1,0,1,19.68,81,1,1657647520
0,1,1,19.38,83,1,1656909800
0,1,1,18.92,81,0,1657596471
0,0,1,19.35,86,0,1657813311
0,1,1,18.37,80,1,1657099011
0,0,1,20.12,79,1,1656871969
1,1,1,19.03,82,1,1657249319
0,0,1,18.98,82,1,1657968260
1,0,1,19.86,93,0,1657914807
0,1,1,19.59,80,1,1658015707
0,1,1,19.09,80,1,1656715243
1,1,0,19.42,80,0,1657329790
1,0,1,19.0,80,1,1656510339
0,1,1,19.03,80,0,1657511786
1,0,1,19.53,91,1,1657311772
0,0,1,19.0,81,1,1656966839
0,0,1,19.07,91,0,1656680404
0,1,1,19.03,113,1,1656538156
0,1,1,18.48,80,0,1657695576
0,1,1,19.07,80,1,1656457617
1,0,1,19.92,83,0,1656784898
0,0,1,19.16,75,1,1656530295
0,1,1,19.33,75,0,1658038529
0,1,1,19.38,80,1,1656808327
0,0,1,19.59,80,1,1656614948
1,1,1,19.18,95,0,1657592267
0,1,1,19.0,85,1,1656745871
0,0,1,18.78,86,0,1656938617
1,0,1,18.65,87,1,1656509735
1,0,1,19.62,80,0,1657393448
0,1,1,18.39,90,1,1656923007
0,0,1,19.75,80,1,1657982074
1,0,1,19.24,73,0,1657559237
1,0,1,19.86,80,1,1656781296
1,1,1,20.1,80,0,1657059759
1,1,1,19.35,83,0,1656803524
1,0,1,19.05,79,1,1657970062
0,0,1,18.48,80,0,1657539420
1,0,1,20.1,88,1,1657991683
0,0,1,19.42,73,0,1656520618
1,0,1,19.03,80,1,1657637310
0,0,1,19.86,78,0,1656784298
1,1,1,18.74,77,1,1656641374
0,1,1,19.73,80,1,1657833130
0,1,1,19.03,78,0,1657172261
0,1,1,18.76,80,0,1657421673
0,1,1,18.57,86,0,1656752477
0,0,1,18.46,89,1,1657538819
0,0,1,19.4,85,0,1657827724
0,1,1,18.7,80,1,1657693774
0,0,1,19.24,90,1,1657567645
0,0,1,19.51,77,0,1657897390
0,1,1,19.44,82,0,1658031923
0,1,1,18.7,80,0,1656651582
0,1,1,18.61,78,1,1657691371
0,0,1,18.33,80,1,1657019927
0,0,1,18.57,91,1,1657628901
0,0,1,19.07,81,0,1657890784
0,0,1,19.68,82,0,1656526060
0,0,1,19.62,81,0,1656691828
0,1,1,19.27,91,1,1658042734
1,0,1,19.42,74,1,1657821719
0,1,1,18.35,75,0,1657670947
1,0,1,19.53,87,0,1657296157
0,0,1,19.79,80,0,1656783697
0,1,1,18.37,86,0,1656926009
0,1,1,19.46,80,1,1656629361
0,0,1,19.24,82,1,1657892586
1,0,1,19.73,83,0,1657391045
0,1,1,18.94,80,0,1657170460
0,0,1,19.0,80,0,1656762683
0,1,1,19.31,73,0,1657402455
0,0,1,19.53,80,0,1657392847
0,1,1,19.0,73,1,1656562341
0,0,1,18.04,93,1,1657620493
1,0,1,18.89,82,0,1657201686
0,1,1,19.0,80,0,1657153646
0,0,1,19.38,77,0,1657474524
0,0,1,18.78,87,0,1656934414
1,0,1,19.46,90,0,1658062553
0,0,1,18.74,86,1,1657452902
0,1,1,19.31,86,1,1656839547
0,1,1,19.03,78,1,1657754455
0,0,0,-273.15,0,0,1656595525
1,1,1,19.38,86,0,1657949642
1,0,1,19.38,83,1,1657475725
0,0,1,19.03,82,0,1657631904
0,1,1,19.73,85,1,1658025917
1,0,1,19.48,91,0,1656705638
0,0,1,19.44,84,0,1657903396
1,1,1,19.38,81,1,1657489557
0,1,1,18.83,81,1,1656747673
0,1,1,19.0,80,0,1656655785
0,1,1,19.33,83,1,1657761062
0,1,1,19.0,82,1,1656541783
0,0,1,19.38,80,0,1656856958
0,1,1,18.74,73,1,1657000605
0,0,1,19.35,79,0,1656622755
0,1,1,19.05,82,1,1657083962
1,0,1,19.18,83,0,1657745447
0,0,1,18.7,80,1,1657113459
0,0,1,18.54,88,1,1657540621
0,0,1,18.68,80,0,1657455306
1,0,1,19.24,91,1,1656513968
1,0,1,19.73,71,1,1656780696
0,1,1,18.87,82,0,1656993984
0,1,1,19.31,78,0,1658040331
0,0,1,18.7,77,1,1656760281
1,0,1,19.11,85,0,1657138628
1,0,1,19.64,76,1,1657383837
0,0,1,19.73,77,1,1656695430
1,1,1,19.07,86,1,1657502778
0,0,1,18.61,85,1,1657360418
0,0,1,19.07,79,1,1656963837
1,0,1,20.14,86,0,1656785498
0,1,1,17.38,95,0,1656478016
1,1,1,19.51,79,0,1657319582
0,1,1,19.38,80,0,1656832343
0,1,1,19.05,83,0,1657172861
0,0,1,19.4,87,1,1657812110
0,1,1,19.48,85,0,1656903195
1,0,1,19.51,80,0,1656701435
0,1,1,19.38,80,1,1657843940
0,1,1,19.42,82,0,1657932224
0,0,1,19.13,80,0,1657047612
0,0,1,19.64,80,1,1656792114
0,0,1,19.48,87,0,1657980873
1,1,1,19.18,87,0,1657415666
1,0,1,18.7,80,0,1657569446
0,0,1,19.77,80,0,1658004296
1,0,1,19.27,79,1,1657487151
0,1,1,19.09,7,1,1657143438
1,0,1,19.75,79,0,1657313573
0,1,1,18.61,89,1,1657433084
0,1,1,19.16,86,1,1656737464
0,0,1,19.33,86,0,1656851555
1,1,1,18.96,86,1,1657177066
1,1,1,19.24,80,1,1657750252
0,0,1,19.09,78,0,1657744847
0,0,0,-273.15,0,1,1656593491
1,0,1,19.73,67,1,1656791513
0,1,1,18.65,63,1,1656565369
0,1,1,19.51,81,1,1657496771
0,1,1,19.03,85,1,1656629962
1,1,1,18.92,80,1,1657497372
0,0,1,19.13,83,1,1657893787
0,0,1,19.42,84,0,1657976068
1,0,1,19.73,79,0,1656855758
0,0,1,19.42,87,0,1656780095
0,1,1,19.0,83,0,1657425276
1,0,1,19.73,87,0,1657295557
0,0,1,18.78,86,1,1657543023
0,1,1,19.07,90,1,1657764065
1,0,1,19.24,81,0,1656954830
0,0,1,19.13,82,0,1657565843
1,0,1,18.76,88,0,1657880574
1,0,1,19.38,81,1,1657383237
0,0,1,19.03,86,1,1657141635
1,0,1,19.48,80,0,1656616751
0,1,0,19.07,86,1,1657947839
0,1,1,18.43,87,1,1657692572
1,0,1,18.54,80,0,1657532208
0,0,1,18.46,78,0,1657017520
0,1,1,19.09,91,0,1658045136
0,0,1,19.42,80,0,1657390444
0,0,1,19.03,75,1,1656601728
0,1,1,19.0,85,1,1657346607
0,0,1,18.83,81,0,1657031362
1,1,1,19.03,83,0,1657849945
0,0,1,18.33,82,1,1657194480
0,1,1,19.07,73,1,1657779080
0,1,1,19.09,80,0,1658049340
0,0,1,19.42,83,0,1657895588
1,1,1,19.59,87,0,1657930422
0,0,1,19.31,84,0,1657135188
0,1,1,18.83,80,1,1657356215
1,1,1,19.42,91,0,1657403056
1,1,1,19.27,83,1,1656554479
1,1,1,19.4,89,0,1657337000
0,0,1,19.03,81,0,1657803702
1,1,1,18.92,81,0,1656466017
0,1,1,19.03,79,1,1657960453
0,1,1,19.42,80,1,1656828140
0,1,1,18.94,91,0,1656563552
0,0,1,19.59,82,1,1656862362
0,0,1,18.68,80,0,1656945822
0,0,1,19.0,80,0,1657887180
1,1,1,18.92,89,0,1656637771
0,0,1,19.18,82,0,1657211894
0,1,1,19.27,90,0,1657494369
0,1,1,18.54,77,0,1656753677
0,1,1,19.03,80,0,1657769471
1,0,1,19.05,85,1,1657744246
1,1,1,19.07,79,1,1657672749
0,1,1,19.31,87,1,1657073068
0,0,1,19.4,80,0,1656608945
1,0,1,18.89,78,1,1657280544
0,0,1,18.61,80,1,1657626499
0,0,1,19.35,82,1,1657478128
1,0,1,19.22,82,0,1657974867
0,1,1,18.87,85,0,1656969842
0,0,1,19.46,80,0,1657486550
0,1,1,18.85,82,0,1657272137
0,1,1,18.94,79,1,1657962855
0,1,1,18.74,74,0,1656572020
0,0,1,18.98,81,0,1656932613
0,0,1,19.35,80,0,1656842549
1,0,1,19.38,81,1,1657819917
1,1,1,19.03,81,0,1657763465
0,0,1,19.09,85,0,1656769287
1,0,1,19.05,80,0,1656603532
0,0,1,18.39,87,1,1656927810
0,0,1,19.73,127,0,1658003095
0,0,1,19.66,81,1,1657986278
1,1,1,19.7,103,1,1656882776
1,1,1,19.11,83,1,1657579655
0,0,1,19.03,80,0,1657117673
0,1,1,19.03,77,0,1657762264
0,1,1,18.92,82,1,1657517193
0,1,1,19.4,82,1,1656835945
0,0,1,19.48,86,0,1657824121
1,1,1,19.38,78,0,1657063982
0,1,1,19.27,80,0,1656802923
0,1,1,19.38,80,1,1656805926
0,0,1,19.4,86,1,1657562240
1,0,1,19.79,88,0,1657915408
0,1,1,19.07,82,0,1657667944
0,0,1,18.33,87,0,1657708187
0,1,1,19.42,82,0,1658015107
1,1,1,18.83,79,0,1657436086
0,1,1,19.09,84,0,1657080952
0,0,1,18.39,75,0,1657618691
1,1,1,19.05,86,1,1657147040
0,1,1,18.74,91,0,1656548437
0,1,1,18.61,68,0,1656648580
1,0,1,19.59,79,1,1656610746
0,1,1,18.68,75,0,1657439088
0,1,1,19.33,80,1,1656742869
0,0,1,19.75,85,0,1657652329
1,0,1,18.89,81,0,1657030762
1,1,1,18.61,83,1,1657159050
0,1,1,18.22,80,1,1657789289
0,1,1,18.65,80,1,1656977648
0,0,1,19.59,83,0,1657816314
1,1,1,19.09,71,1,1657055493
0,0,1,19.33,87,0,1656514572
0,0,1,19.73,83,1,1657980272
0,0,1,19.51,80,0,1657479345
0,0,1,20.01,86,0,1656788502
0,0,1,18.87,86,0,1657720216
0,0,1,19.18,79,1,1657829526
0,1,1,18.98,80,1,1656656986
0,0,1,19.51,81,1,1656849754
0,1,1,18.41,80,0,1657009092
0,1,1,19.0,92,1,1656482816
1,0,1,19.73,79,0,1656700234
0,1,1,18.74,72,0,1657597673
0,1,1,18.83,80,0,1656658186
0,1,1,19.66,74,0,1657407259
0,0,1,18.41,90,1,1657447495
0,0,1,19.38,80,0,1657466116
0,0,1,18.65,81,0,1658052944
0,0,1,18.92,83,1,1657286549
0,1,1,18.72,80,0,1657166256
0,1,1,18.68,80,0,1657270336
1,0,1,18.48,98,1,1657538219
1,1,1,19.03,87,1,1657666142
0,0,1,18.59,85,0,1657018723
1,0,1,19.73,87,0,1656776492
1,0,1,19.68,80,0,1656863563
1,0,1,19.03,83,1,1657885379
1,0,1,19.11,80,1,1657116469
0,0,1,18.43,91,1,1656668995
0,0,1,19.03,83,0,1657118876
0,0,1,18.63,59,0,1657186673
0,0,1,19.4,81,0,1657826523
0,0,1,20.05,85,1,1657998890
0,1,1,18.54,80,0,1657012704
0,1,1,18.74,82,1,1657091185
0,1,1,19.11,90,0,1657505780
1,1,1,18.72,83,0,1657160252
1,0,1,18.72,83,1,1657877571
0,0,1,19.79,83,0,1657983275
0,0,1,19.7,79,0,1656877372
1,0,1,18.96,80,1,1656939818
1,1,1,19.33,84,0,1656897190
0,0,1,19.77,81,0,1657917810
0,1,1,19.03,83,0,1656996992
0,0,1,19.18,87,0,1657212494
1,1,1,19.68,81,0,1657321383
1,0,1,18.92,81,0,1657027754
0,0,1,19.94,91,1,1657995887
1,1,1,19.53,85,1,1657341804
0,0,1,19.44,83,1,1657484749
1,0,1,19.73,80,1,1657293155
0,1,0,19.35,83,1,1657941833
0,0,1,18.43,75,1,1657446294
0,1,1,18.39,82,0,1657010898
0,1,1,18.3,79,1,1656925409
0,0,1,18.57,83,1,1657024141
1,1,0,19.4,80,1,1657326187
0,1,1,18.96,71,1,1657057301
0,1,1,19.16,85,1,1657347808
1,1,1,19.03,83,1,1656456417
1,0,1,19.77,79,0,1657397051
0,1,1,19.13,83,0,1656740466
0,1,1,19.05,87,1,1656744670
1,1,1,18.85,78,0,1657438488
1,0,1,18.74,81,0,1656940418
1,0,1,18.52,88,1,1657544224
0,0,1,19.03,83,1,1656961436
0,1,1,19.38,83,1,1656801723
0,1,1,19.13,83,1,1656837746
0,1,0,19.22,91,0,1657585060
1,0,1,19.7,86,0,1657395250
0,0,1,19.22,80,1,1656528479
0,1,1,18.98,86,1,1657776677
0,0,1,19.18,91,1,1656771088
0,1,1,18.39,88,0,1657612686
0,0,1,19.03,73,1,1656678602
0,0,1,19.05,80,0,1657039188
0,0,1,19.44,83,0,1657830727
0,1,1,19.03,75,0,1656630564
0,1,1,19.24,83,0,1657317780
1,0,1,18.98,80,0,1656948823
0,1,1,18.68,80,0,1657690771
0,1,1,18.48,87,0,1657183070
1,0,1,19.4,86,0,1657484148
1,0,1,18.81,89,0,1656943420
0,1,1,19.99,78,0,1658006098
1,1,1,18.78,80,0,1656551458
0,1,1,19.66,80,0,1657325587
1,0,1,19.35,87,1,1657552631
0,1,1,18.87,85,0,1657876370
1,0,1,19.44,81,1,1657642715
0,0,1,19.73,87,0,1657903997
1,1,1,19.03,80,1,1657580856
1,1,1,18.98,90,0,1656984254
0,0,1,19.66,74,0,1657392246
0,1,1,19.53,81,1,1657320182
1,1,1,18.87,98,1,1657007286
0,0,1,19.7,90,0,1657297958
0,0,1,19.16,81,0,1657288351
0,0,1,19.03,86,0,1656513362
0,0,1,19.59,93,0,1657470320
1,0,1,19.24,71,0,1657973666
1,0,1,18.7,79,0,1657541822
0,1,1,19.33,87,1,1657665541
1,0,1,18.74,91,1,1657798898
0,0,1,19.62,82,1,1657905798
0,1,1,18.89,79,1,1656981252
0,1,1,18.83,80,0,1657875168
0,1,1,18.52,87,0,1657178267
0,1,1,18.48,77,0,1657528005
0,1,1,19.27,75,0,1656810128
0,0,1,18.63,80,1,1656671997
0,1,1,18.83,90,1,1657522600
1,0,1,19.22,90,1,1656510944
0,1,1,19.57,81,0,1656900193
0,0,1,18.41,82,0,1657192078
1,0,1,19.03,83,0,1657370026
0,0,1,19.09,85,1,1656534526
0,1,1,19.38,82,0,1657845141
0,1,1,19.0,87,0,1657774275
0,1,1,19.0,80,1,1657771273
0,1,1,19.33,78,0,1656810729
0,1,1,19.64,85,0,1658030121
0,1,1,18.72,88,0,1657179468
0,1,0,19.16,81,0,1657948440
0,0,1,18.89,86,1,1657967660
0,1,1,19.73,80,0,1656886379
0,0,1,19.33,81,0,1657039789
0,0,1,18.81,81,1,1657800700
0,1,1,19.35,87,1,1657144038
0,1,1,19.03,84,1,1657417468
0,0,1,19.33,83,0,1656773489
0,1,1,18.43,80,1,1657697978
0,0,1,18.96,81,0,1657881775
0,1,1,19.16,78,1,1657492567
1,1,1,19.22,96,1,1656537552
0,1,1,18.22,80,1,1657008490
0,1,1,19.79,79,1,1658009101
0,0,1,18.81,80,0,1656945221
0,1,1,19.73,80,1,1656816132
0,0,1,19.92,77,0,1657992885
1,1,1,19.13,91,1,1657591666
0,1,1,18.3,94,1,1657440890
1,0,1,19.29,75,1,1656529691
1,1,1,18.89,80,0,1657681762
0,0,1,18.76,80,0,1656937416
0,0,1,19.94,87,1,1656878573
0,0,1,18.37,79,0,1657013306
0,1,0,19.57,86,1,1657327989
1,0,1,19.33,80,0,1656620353
0,0,1,18.57,87,0,1657110449
1,0,1,18.61,91,1,1656935015
1,0,1,19.48,80,0,1656858159
1,0,1,19.0,80,1,1657797096
0,1,1,19.09,85,1,1657144639
0,1,1,18.39,83,1,1656749475
0,0,1,18.87,85,0,1656967440
0,0,1,19.38,79,1,1657399453
0,0,1,19.13,80,1,1657741844
0,0,1,19.03,81,0,1657202887
0,0,1,19.13,85,1,1657136392
0,1,0,19.55,86,1,1657940632
0,0,1,18.52,86,1,1657109847
1,0,1,19.48,80,0,1658063754
0,0,1,19.03,98,1,1658054145
1,0,1,19.03,82,0,1657971263
0,1,1,18.7,87,1,1657006684
0,0,1,18.81,81,0,1656950024
0,1,1,19.16,82,1,1656911601
0,1,1,18.33,80,1,1657095399
0,1,1,19.07,87,0,1657253522
1,0,1,19.38,81,0,1657655332
0,0,1,20.01,80,0,1657300361
0,1,1,19.07,85,0,1657416267
0,0,1,19.73,81,1,1656696031
0,1,1,18.65,81,0,1657691972
0,0,1,19.73,81,0,1658001893
0,0,1,19.77,86,0,1657306366
0,1,1,18.78,80,0,1657959852
1,0,1,19.24,84,1,1657642115
0,0,1,20.18,78,0,1657999491
1,0,1,19.4,91,0,1657828325
0,1,1,19.27,80,1,1657952045
0,0,1,18.63,82,1,1657307568
0,1,1,18.81,80,0,1656652783
0,1,1,18.74,81,0,1657180068
1,0,1,19.33,81,0,1657223907
1,1,1,19.03,80,0,1656645577
0,0,1,19.42,80,0,1656846752
1,1,1,18.92,80,0,1656644376
0,0,1,19.75,94,0,1657996488
0,0,1,19.31,89,1,1657371827
0,1,1,19.0,80,0,1657592867
0,1,1,19.4,80,0,1656711641
0,1,1,19.03,81,1,1657767669
1,1,0,19.57,73,1,1656885778
0,0,1,18.3,83,0,1657706986
1,1,1,19.38,83,1,1657403656
0,0,1,18.98,86,1,1657043401
0,1,0,19.13,90,0,1657589864
0,1,1,19.13,85,1,1657343004
1,1,1,18.98,80,0,1656634769
0,1,1,18.78,81,1,1657433684
0,0,1,18.33,97,0,1657705785
0,0,1,19.24,94,0,1657117071
0,0,1,19.42,91,1,1657738841
0,0,1,19.73,81,1,1657386840
0,0,1,18.48,84,0,1656960234
0,1,1,18.96,79,1,1656561132
1,0,1,19.4,76,1,1656708039
1,0,1,19.42,83,0,1658063154
0,1,1,19.44,83,0,1658031322
0,1,1,19.03,71,1,1656986056
0,1,1,19.03,94,1,1657086369
0,1,1,18.26,84,0,1657703383
0,0,1,19.03,80,0,1658050541
0,1,1,18.7,86,1,1657434285
0,1,1,18.72,89,0,1657515992
0,1,0,19.4,81,1,1657328589
1,1,1,19.27,73,1,1657504579
0,0,1,19.31,80,1,1656850954
0,0,1,18.28,79,0,1657015112
1,1,1,19.07,85,0,1656894187
0,1,1,18.65,81,1,1657523201
1,0,1,19.0,80,0,1657121345
1,0,1,19.18,87,0,1657049478
0,0,1,19.35,87,1,1656841949
1,1,1,19.13,83,0,1657840336
0,1,1,19.03,86,0,1657664941
0,0,1,19.03,80,0,1657725027
0,0,1,19.73,85,0,1656867165
1,0,1,19.35,81,1,1657289552
0,1,1,19.05,80,1,1657085165
1,1,1,19.62,85,0,1656896589
0,1,1,19.09,81,0,1657074271
0,1,1,19.03,80,1,1656917004
1,0,1,19.07,95,0,1657121946
0,1,1,19.35,90,0,1657857752
0,1,1,19.44,79,0,1656720048
1,0,1,19.73,85,0,1657309970
0,1,1,18.37,82,0,1656924808
1,0,1,19.33,77,1,1656846151
0,0,1,18.41,91,0,1657105633
1,0,1,19.09,86,0,1657570047
0,1,0,18.92,89,0,1657589264
0,0,1,19.18,89,1,1657208291
1,1,1,19.27,75,0,1656729057
0,0,1,19.05,82,1,1657571848
1,0,1,18.48,89,1,1657627700
0,1,1,19.03,90,1,1657499175
0,0,1,19.07,81,1,1656948223
0,1,1,18.61,77,1,1657521997
1,0,1,19.79,75,0,1656595722
0,0,1,18.54,82,0,1657103225
0,0,1,18.94,87,1,1657720817
0,1,1,18.74,80,1,1657005480
1,0,1,18.61,80,1,1657115867
0,1,1,19.53,91,0,1656821536
1,1,1,19.24,87,1,1657764666
0,0,1,19.94,80,0,1657994686
0,0,1,18.96,83,0,1656946422
0,0,1,19.4,82,0,1657385038
0,0,1,18.87,86,0,1657881174
0,1,1,19.4,85,1,1657839736
0,1,1,18.39,80,0,1656561738
0,0,1,19.73,92,0,1657913606
0,1,1,19.03,100,1,1657773675
0,0,1,19.03,78,0,1657969462
0,1,1,19.44,80,1,1657839135
0,0,1,19.16,86,0,1656598124
0,1,1,18.57,79,0,1657098409
1,1,1,18.96,80,0,1656658787
0,1,1,18.83,80,1,1656998799
0,1,1,19.29,80,0,1657837934
0,1,1,19.16,81,0,1656730858
0,0,1,18.61,86,1,1657016918
0,1,1,19.48,83,0,1656897791
1,0,1,18.72,94,1,1657545425
1,0,1,19.18,80,1,1657971864
0,1,1,18.41,80,1,1657703983
1,0,1,18.63,77,1,1656676801
0,1,1,19.03,83,0,1657251721
0,1,1,18.76,86,1,1657514791
0,0,1,18.35,80,0,1657624097
0,1,1,19.31,80,0,1657427078
0,0,1,19.7,85,0,1657985077
0,1,1,18.92,84,1,1657777278
0,1,1,18.92,96,0,1657432483
0,1,1,18.7,80,1,1657165656
0,0,0,-273.15,0,1,1656595403
0,1,1,18.81,81,1,1657158449
0,1,1,18.89,80,0,1657436686
0,0,1,18.46,80,1,1657532809
0,0,1,18.98,80,0,1658053544
0,1,1,20.4,81,1,1657490765
0,1,1,18.81,80,1,1657267934
1,0,1,19.03,79,0,1657633706
0,1,1,18.92,84,1,1657777879
0,1,1,19.24,77,1,1657841537
0,1,1,19.59,85,0,1656830541
0,1,0,19.09,84,0,1657949040
0,0,1,19.03,85,0,1657214896
0,1,1,18.63,81,0,1656664792
1,0,1,19.59,86,0,1656708639
0,0,1,19.73,85,1,1656866565
0,1,1,19.07,81,0,1657078544
1,0,1,18.74,83,1,1657542423
0,0,1,19.05,75,0,1657036779
0,1,1,18.39,74,1,1656647979
0,1,0,19.64,80,0,1657331593
0,1,1,18.98,86,1,1657773074
0,1,1,19.09,89,1,1656978249
1,0,1,18.74,83,1,1657800099
1,0,1,19.79,83,1,1657310570
0,0,1,19.24,71,0,1657549628
0,0,1,19.73,87,0,1657982675
0,1,1,19.57,85,1,1657926819
0,1,1,19.05,54,1,1657340603
0,0,1,18.96,90,0,1656769887
1,0,1,19.75,73,1,1656865364
0,0,1,18.78,65,0,1656512757
0,0,1,19.03,81,0,1657887781
1,1,1,19.42,83,1,1657834931
0,1,1,18.54,77,1,1657267333
0,0,1,19.73,84,1,1657651126
0,0,1,18.33,80,1,1657706386
1,1,1,19.79,94,1,1656797520
0,0,1,19.38,83,1,1656843750
1,0,1,19.57,78,1,1658064355
1,0,1,18.96,81,0,1657547227
0,1,0,19.53,82,0,1657938830
0,0,1,18.63,85,1,1657111653
0,0,1,19.09,85,1,1657051884
0,0,1,18.65,91,1,1657026548
1,0,1,19.92,80,0,1656700835
0,1,1,19.31,98,1,1657855951
1,1,1,19.35,75,1,1656714042
0,0,1,18.65,86,0,1657964657
0,0,1,19.18,93,0,1656605937
0,0,1,18.78,83,0,1657284147
1,1,1,19.27,79,0,1657506981
0,1,1,19.46,80,0,1658024716
0,1,1,19.0,82,1,1656624557
0,1,1,19.38,82,1,1657315376
0,1,1,19.05,79,1,1657082757
0,0,1,19.86,81,1,1657989881
0,1,1,18.74,80,0,1657258326
0,0,1,18.57,80,0,1657452301
0,1,1,19.59,76,1,1658027118
1,0,1,19.27,82,1,1657290753
0,1,1,19.0,91,1,1657870965
0,0,1,19.13,85,1,1656949424
0,0,1,19.66,92,0,1657977870
0,1,1,19.4,94,0,1657343605
0,0,1,18.57,83,0,1657101419
0,0,1,18.65,93,0,1657456507
0,1,0,19.51,80,1,1657334597
0,1,1,19.7,81,1,1658006698
0,0,1,19.31,78,1,1656843149
0,0,1,19.42,90,0,1657828926
0,0,1,19.31,80,0,1656522432
0,1,1,19.42,87,1,1658010902
0,1,1,19.27,79,0,1657487753
0,1,1,19.03,84,1,1657145239
1,1,1,19.0,86,1,1657248719
0,0,1,19.62,86,0,1657386239
0,0,1,19.44,85,1,1657818115
0,1,1,19.0,79,0,1657511185
0,0,1,19.22,85,1,1657050679
0,1,1,19.18,91,1,1657845741
0,0,1,19.33,87,1,1657658334
0,0,1,19.24,82,0,1656683412
0,0,1,19.42,76,0,1657294356
0,0,1,18.81,82,0,1657795895
0,0,1,19.0,85,0,1658054746
0,0,1,19.66,80,0,1656693629
1,0,1,20.05,75,0,1656874971
0,0,1,18.81,80,0,1657115265
1,0,1,19.09,80,1,1657287750
0,0,1,18.7,83,0,1657454706
0,0,1,18.78,123,1,1656758480
1,0,1,18.46,77,0,1657188475
0,1,1,19.03,80,0,1657783884
0,1,1,19.46,80,1,1657855350
0,1,1,19.42,81,1,1657314775
0,1,1,19.0,86,1,1657423475
1,0,1,19.73,81,1,1657908201
0,1,1,19.35,86,0,1656838947
0,1,1,19.22,80,0,1657575451
0,1,1,18.74,86,1,1656653383
0,0,1,19.11,91,0,1657739442
0,0,1,19.73,81,1,1657305766
0,1,1,18.81,80,1,1657262530
0,1,1,18.98,85,0,1656986656
1,0,1,18.83,94,1,1656760882
0,1,1,18.87,81,1,1657160852
1,0,1,19.09,91,1,1657832529
1,1,1,19.11,69,0,1656464817
0,0,1,19.44,85,1,1657819317
0,1,1,19.05,88,1,1656539366
0,0,1,19.38,79,1,1656684613
0,1,1,19.62,85,1,1657924416
0,1,1,18.87,84,0,1657167457
0,0,1,19.18,80,1,1657222706
1,0,1,20.14,83,0,1656870768
0,1,1,19.64,94,0,1656892385
1,0,1,18.76,85,0,1657031965
0,1,1,19.03,80,1,1657148842
0,1,1,19.51,90,0,1657418069
0,1,1,18.57,83,1,1657004878
1,1,0,19.81,80,1,1656883977
1,0,1,20.18,78,1,1656778294
0,0,1,19.0,78,1,1657051283
1,1,1,19.05,90,1,1657576652
1,0,1,19.03,95,0,1657548428
1,0,1,19.59,87,1,1657648721
1,1,0,19.66,81,0,1656812530
0,1,1,19.03,80,0,1658044535
0,0,1,19.03,91,1,1657632505
1,1,1,19.51,81,0,1657937029
0,1,1,18.74,91,1,1657676357
0,0,1,19.48,79,0,1656519408
0,0,1,18.46,86,1,1657446895
1,0,1,19.73,81,0,1657910603
0,0,1,20.01,91,0,1656873170
0,1,1,18.3,73,0,1656655184
1,0,1,19.4,74,1,1657734637
0,1,1,19.33,78,0,1656804124
0,1,1,19.09,80,0,1657601276
0,1,1,18.74,83,0,1657166857
0,1,1,19.03,77,0,1657958651
1,1,1,18.78,87,0,1657151244
0,0,1,18.83,81,0,1657455907
0,0,1,19.27,95,0,1657214296
0,1,1,19.07,83,1,1657869163
0,0,1,18.83,74,0,1656679804
1,0,1,18.08,87,0,1657294956
0,1,1,19.07,75,1,1656743469
1,0,1,18.39,91,0,1657541221
1,0,1,19.51,85,0,1657296758
1,0,1,19.24,90,1,1656847352
0,0,1,19.48,81,0,1657658935
0,1,1,19.16,70,0,1656730257
0,0,1,18.87,80,1,1657798297
0,1,0,19.53,80,0,1657326788
0,1,1,19.42,80,1,1657089979
0,1,1,18.78,80,0,1656654584
0,1,1,18.85,80,0,1656917604
1,0,1,19.59,79,1,1657637910
1,0,1,19.13,80,0,1656596322
0,0,1,18.02,93,0,1657191478
0,0,0,-273.15,0,0,1656506743
0,0,1,19.73,86,0,1657906399
0,1,1,18.65,85,0,1657096603
0,0,1,19.11,80,0,1657367023
0,1,1,18.92,90,0,1657959252
0,0,1,18.83,82,1,1656764484
1,0,1,19.92,82,1,1656687615
1,1,1,19.33,74,1,1656721849
1,1,1,19.59,80,1,1656729657
0,1,1,18.87,86,1,1657264331
1,1,1,19.51,80,1,1656715844
0,0,1,19.18,90,1,1657888381
0,1,1,18.92,93,1,1657358617
0,0,1,19.05,90,1,1657573650
0,1,1,19.11,85,1,1657857152
0,0,1,18.92,86,0,1657119478
0,1,1,18.78,87,1,1657162053
0,0,1,19.09,85,0,1656956632
0,1,1,19.38,81,1,1656717646
0,1,0,19.51,82,0,1657335798
0,1,1,19.09,83,0,1657076677
0,0,1,18.63,82,0,1657274539
0,0,1,19.75,81,0,1658005497
1,0,1,19.66,81,1,1656860561
1,0,1,18.98,86,1,1657030161
0,0,1,18.43,85,1,1657022937
0,1,1,19.59,85,1,1656906798
0,1,1,18.78,80,1,1657183671
0,1,1,18.65,80,0,1656653984
0,0,1,19.59,89,0,1657388642
0,0,1,19.29,85,0,1657400654
1,1,1,19.03,92,0,1657498574
1,1,1,19.13,87,1,1657065185
0,1,1,19.11,86,0,1657083360
0,0,1,18.33,90,0,1657621094
1,1,1,19.62,37,1,1656805326
0,1,1,18.57,91,1,1657514191
0,0,1,19.44,85,0,1657738240
0,1,1,19.48,82,1,1656895388
0,1,1,18.59,81,1,1657163854
0,0,1,19.03,83,0,1656601127
1,1,1,19.18,80,1,1657409661
0,0,1,19.31,86,1,1657220304
0,0,1,18.89,85,1,1656963237
0,1,1,19.07,82,1,1657353212
1,0,1,18.46,82,0,1657198083
1,0,1,18.89,91,1,1656536342
0,1,1,18.52,98,1,1657443292
0,0,1,19.33,83,0,1657476325
0,0,1,18.61,81,1,1657027151
0,0,1,19.16,89,1,1657367624
1,1,1,18.87,91,1,1657681162
0,1,1,19.59,79,1,1657675156
0,1,1,19.03,87,1,1657867361
1,0,1,18.89,80,0,1656944621
0,0,1,19.53,89,0,1656607744
1,0,1,19.51,80,0,1656858760
0,0,1,18.78,80,1,1657630102
0,0,1,18.72,75,0,1656931412
1,1,1,18.89,80,1,1656969242
1,0,1,19.83,92,1,1656686414
1,0,1,19.16,95,0,1656621555
0,1,1,18.81,84,0,1657434885
0,0,1,19.97,79,0,1656876172
0,1,1,19.16,86,0,1657500976
0,0,1,18.87,83,1,1657983876
0,0,1,19.7,79,1,1657472722
0,1,1,19.53,86,1,1657922615
0,0,1,18.7,81,0,1657457708
1,1,1,19.38,80,0,1657836733
0,1,0,19.18,91,0,1657585660
0,1,1,18.61,80,1,1657697378
0,0,1,19.73,80,0,1656697232
1,0,1,19.09,80,1,1657640313
1,0,1,19.7,80,0,1657394649
0,0,1,19.2,86,1,1657465515
0,0,1,19.29,80,0,1657044004
0,0,1,19.83,81,1,1657918411
0,1,1,19.55,86,1,1656891183
0,1,1,19.13,79,0,1657341203
0,1,1,19.0,80,1,1657666742
1,0,1,19.73,86,1,1657908801
0,0,1,19.27,83,0,1657573049
0,0,1,18.98,83,0,1656959033
0,1,1,19.03,83,0,1657087573
1,0,1,19.94,80,1,1656777694
1,1,1,18.7,80,1,1657875769
0,1,1,19.03,79,0,1656636570
0,1,1,19.22,78,0,1657494969
1,1,1,18.7,83,1,1657149442
0,0,1,18.68,80,1,1656756079
0,1,1,18.33,80,0,1657613887
0,1,1,18.72,81,1,1657685366
0,1,1,18.92,90,1,1657162654
0,1,1,19.24,73,0,1656825138
1,1,1,18.72,85,1,1657671547
0,0,1,18.52,85,0,1657111051
0,0,1,19.33,81,1,1657733436
0,0,1,19.48,96,1,1657555634
0,1,1,18.59,81,0,1656572624
0,0,1,19.35,94,0,1657215497
0,0,1,19.73,79,0,1657913005
1,1,1,18.96,80,0,1656467217
0,1,0,19.4,78,1,1657944236
1,0,1,19.77,78,0,1656703236
1,0,1,19.07,81,0,1657282346
1,0,1,18.96,80,1,1656511547
0,1,1,19.0,95,1,1657355014
1,0,1,18.98,94,1,1656765084
1,1,1,18.89,86,1,1657788688
0,1,1,19.4,90,0,1657927419
1,1,1,18.98,75,0,1657682363
1,0,1,18.57,75,0,1657628300
0,0,1,18.37,80,1,1657186073
0,0,1,19.73,91,1,1657916008
0,1,1,18.65,79,0,1657003674
0,0,1,19.73,80,1,1656787300
0,1,1,18.76,80,0,1657168658
0,1,1,19.0,85,1,1657781482
0,0,1,18.65,87,0,1657023539
0,0,1,19.24,87,1,1657731034
0,1,1,19.18,85,0,1657344205
0,0,1,19.73,78,0,1658003695
0,1,1,19.13,80,0,1657747249
0,1,0,19.44,89,0,1657335198
0,1,1,18.89,79,0,1657518394
0,0,1,19.38,92,1,1657290152
1,1,0,19.62,74,1,1657330991
1,0,1,19.99,81,0,1656703837
1,1,1,18.54,90,0,1657152445
0,1,1,19.22,86,0,1656809528
0,1,1,19.66,90,0,1657953846
0,1,1,18.3,81,0,1656751276
0,0,1,21.17,91,0,1657132780
0,1,1,19.27,77,1,1656907998
0,0,1,19.31,93,1,1657568846
0,1,1,19.03,75,0,1656628159
0,1,1,18.92,89,0,1657421072
0,1,1,19.22,71,0,1657601876
1,0,1,19.33,66,1,1656527875
1,0,1,20.01,83,0,1657992284
0,1,1,19.73,80,1,1657929821
0,0,1,18.78,90,1,1657278742
0,0,1,19.22,94,0,1657382036
0,1,1,19.75,89,0,1658021713
1,0,1,19.29,74,0,1657735238
0,0,1,18.98,79,0,1656951828
1,1,1,19.53,70,1,1657925017
0,1,1,18.98,78,1,1657771873
1,0,1,18.78,89,0,1657201085
0,0,1,19.11,80,1,1657131577
0,0,1,19.73,91,1,1657985677
1,1,1,18.76,80,1,1657093593
0,0,1,18.57,85,0,1657537018
0,0,1,18.72,90,0,1657537618
0,0,1,18.72,80,1,1657965257
1,0,1,19.03,86,1,1656761482
0,0,1,19.2,83,1,1657564041
0,1,1,18.68,89,0,1657352612
0,0,1,18.59,80,1,1657275740
0,0,1,19.07,86,0,1657967059
0,0,1,18.26,84,0,1657535817
0,0,1,19.62,80,0,1657391646
0,0,1,18.92,83,0,1657461311
1,0,1,19.35,81,1,1657561640
0,1,1,19.03,85,1,1657688368
1,0,1,19.38,85,1,1657811509
0,0,1,18.54,81,1,1657025946
0,1,1,19.16,94,0,1657056699
0,1,1,19.48,83,1,1656820935
0,0,1,18.81,79,1,1657791691
0,1,1,18.61,86,1,1656923608
1,1,1,19.07,79,1,1656632966
0,1,1,18.43,85,1,1657617490
0,0,1,19.09,80,1,1657042799
1,1,1,19.03,81,1,1657153045
0,1,1,18.83,90,0,1656571416
0,1,1,18.68,88,0,1656919405
1,0,1,19.51,81,0,1657975468
1,1,1,19.73,111,0,1658021112
0,1,1,18.46,80,1,1656666593
0,1,1,19.07,80,1,1657250520
1,1,1,18.96,81,0,1657161453
0,0,1,18.81,82,0,1657029559
0,1,1,19.29,81,1,1657858353
0,0,1,19.73,82,0,1656855157
0,0,1,19.03,80,1,1657641514
1,1,1,19.33,74,1,1657062777
0,1,1,19.35,79,0,1656714643
0,1,1,19.05,95,1,1656550250
0,0,1,19.31,84,0,1657823521
1,1,1,19.24,93,1,1657750852
0,1,1,19.18,91,1,1657254723
0,0,1,19.4,83,0,1657133382
0,0,1,18.96,81,1,1657802501
0,1,1,18.94,80,1,1656657586
0,0,1,19.03,79,0,1658055346
0,1,0,19.73,95,1,1656885178
0,1,1,19.0,83,1,1657669745
1,0,1,19.73,83,0,1656865964
0,1,1,19.18,91,0,1657768270
0,1,1,19.03,81,1,1657862557
0,0,1,18.57,77,0,1657108643
0,1,1,19.27,73,1,1657863157
0,0,1,19.66,83,0,1656790903
0,1,1,18.94,76,1,1657506380
0,0,1,19.07,91,0,1656964438
0,1,1,19.0,82,0,1657679360
0,1,1,18.74,80,0,1657000001
0,0,1,19.2,87,0,1657807906
1,1,1,18.74,89,1,1657605480
1,0,1,19.62,84,1,1656853356
0,1,0,19.09,86,1,1657590465
0,0,1,19.48,79,1,1656857559
0,0,1,18.54,85,1,1657193880
1,0,1,19.44,84,0,1657900393
1,0,1,19.05,85,1,1657643316
0,0,0,-273.15,0,0,1656595271
1,0,1,19.18,80,0,1656508525
0,0,1,19.51,80,0,1656690025
1,0,1,18.63,87,0,1657878772
0,0,1,19.7,78,1,1656608344
0,1,1,18.7,82,1,1656663591
0,0,1,18.39,79,1,1657195080
0,1,1,19.07,80,1,1657509984
0,1,1,19.4,79,0,1656901394
0,0,1,19.51,80,1,1656854557
0,0,1,19.16,91,0,1657970663
1,0,1,19.44,80,1,1657810308
0,1,1,19.68,80,0,1658014506
0,1,1,19.0,80,0,1657347208
0,1,1,18.92,80,1,1657174062
0,1,1,18.87,80,0,1657527404
0,1,1,18.89,89,0,1657955047
1,1,1,19.07,86,0,1657493167
1,1,1,19.13,80,1,1657749651
0,1,1,19.44,90,0,1657507581
1,1,1,19.13,83,1,1657761663
1,1,1,19.0,80,0,1657156048
0,0,1,18.39,80,0,1657022335
0,0,1,19.24,81,0,1657129771
0,0,1,19.16,82,0,1658058950
0,1,1,19.73,77,0,1658024115
0,1,1,19.38,83,1,1657932824
0,0,1,18.26,80,0,1657618091
0,0,1,19.03,83,1,1657284748
0,1,1,19.27,80,0,1656827539
1,0,1,18.96,80,1,1656968040
0,1,1,19.57,83,0,1658022314
0,0,1,19.35,80,0,1657211293
0,1,1,18.87,78,0,1657088175
0,1,1,19.03,82,1,1657081554
0,1,1,19.66,91,1,1658007299
0,1,1,19.4,81,1,1657317179
0,1,1,19.05,83,1,1657868562
0,0,1,19.59,87,0,1656613147
0,1,1,18.81,80,0,1657603077
1,1,0,19.46,83,1,1657940031
0,0,1,19.09,89,0,1657547827
1,1,1,18.94,84,0,1656646178
0,0,1,18.35,82,0,1657102020
1,0,1,19.38,81,0,1657820518
0,0,1,19.03,88,0,1656535130
1,0,1,19.33,80,1,1657810909
0,1,1,19.05,90,1,1657758059
0,1,1,18.37,97,0,1656480420
1,1,1,18.61,77,1,1656926610
0,0,1,19.73,85,0,1657904597
0,0,1,18.22,83,0,1656523037
0,1,1,19.31,80,1,1657860155
0,1,1,18.3,78,0,1657010296
0,0,1,19.16,81,1,1657741243
0,1,1,19.24,80,0,1657251120
0,1,1,19.03,82,0,1657956849
1,0,1,19.59,80,1,1656864163
1,1,1,18.35,81,0,1657157248
0,1,1,19.03,80,1,1657955648
1,1,1,19.38,73,0,1656898992
0,1,1,19.18,80,0,1657075475
0,0,1,18.74,86,0,1656673198
1,0,1,19.0,85,1,1657634907
1,0,1,19.24,80,1,1657743045
1,0,1,19.62,83,1,1657384438
0,0,1,19.94,86,0,1658002494
0,0,1,18.94,85,1,1657721418
0,1,1,18.72,81,0,1657092389
0,0,1,19.59,78,0,1656696631
0,1,1,18.89,98,1,1657686567
1,0,1,18.83,91,0,1657968861
0,1,1,19.09,75,1,1657846342
0,1,1,19.05,75,0,1656913402
0,1,1,19.29,90,0,1657356815
1,1,1,18.81,92,1,1657680561
0,1,1,18.92,80,1,1657873967
0,1,1,19.07,87,0,1657252321
0,1,1,18.96,82,1,1657678159
0,0,1,19.03,82,1,1658049941
0,1,1,18.98,79,1,1656555083
1,0,1,19.38,82,0,1657898591
0,0,1,19.44,80,1,1657483548
0,0,1,19.05,82,0,1657731634
0,0,1,19.03,85,0,1656957232
1,1,1,19.18,83,0,1657145839
0,1,1,19.03,81,0,1657079147
1,0,1,19.46,80,0,1656868366
1,0,1,18.92,85,0,1657888982
0,1,1,18.83,81,0,1657512990
1,0,1,18.74,90,0,1657543623
0,1,1,19.03,86,0,1657600675
0,1,1,18.65,83,0,1657177666
0,0,1,18.74,84,0,1656675600
0,1,1,18.98,87,1,1657599474
1,0,1,20.03,82,1,1657300962
0,0,1,19.05,80,1,1657378433
0,1,1,19.38,73,1,1658045737
0,1,1,18.59,78,1,1656751876
0,1,1,18.87,87,0,1657682963
1,1,1,19.33,80,0,1657061574
0,1,1,18.72,89,1,1657694375
0,1,1,18.87,80,1,1657419870
0,0,1,19.16,82,0,1657890183
0,0,1,19.09,84,0,1657740042
0,1,1,18.94,93,1,1657869763
0,0,1,19.59,87,1,1656792716
0,1,1,19.09,81,0,1656536947
0,0,1,18.63,84,0,1657014510
1,0,1,19.94,82,1,1657995287
0,1,1,19.09,80,1,1657254123
1,0,1,19.44,82,0,1657560439
0,1,1,19.35,85,1,1657835532
0,1,1,19.48,73,0,1656904997
0,0,1,18.63,80,0,1657463713
0,0,1,18.63,82,1,1657275139
1,0,1,19.4,81,0,1656861161
0,0,1,19.7,83,1,1657916609
0,1,1,19.22,77,0,1657838535
1,0,1,19.7,82,1,1657312973
1,0,1,19.27,88,0,1657467317
0,0,1,18.65,77,0,1656935615
1,0,1,19.53,85,0,1657977269
1,0,1,18.61,84,1,1657389243
0,1,1,19.62,91,0,1656817933
0,0,1,18.57,81,1,1657100215
0,1,1,18.87,86,0,1657422273
1,1,1,18.87,78,1,1656474417
0,0,1,18.22,90,0,1657705185
0,1,1,18.87,80,1,1657165055
1,0,1,19.68,80,1,1657312372
0,0,1,19.64,80,1,1657293755
0,0,1,18.65,80,0,1656670196
0,0,1,19.81,35,1,1657395850
1,0,1,19.64,82,0,1656607141
1,0,1,19.09,86,1,1656947623
1,0,1,19.24,80,0,1657471521
0,0,1,18.3,94,0,1657195681
0,0,1,19.68,80,0,1657987479
0,1,1,19.03,80,0,1657664340
1,0,1,19.0,87,0,1656602328
0,1,1,18.76,82,0,1656982453
1,0,1,19.4,80,0,1656611946
0,1,1,19.13,78,0,1656915803
0,1,1,18.92,98,1,1657430682
0,1,1,19.22,83,1,1656829341
0,1,1,19.13,87,1,1657146440
0,1,1,19.24,84,0,1657063380
1,1,1,19.18,83,0,1656643176
1,0,1,19.73,81,0,1657899192
0,1,1,18.7,87,0,1657169859
0,0,1,19.38,90,1,1657830127
0,0,1,18.43,97,1,1657108041
0,0,1,19.48,85,0,1656859960
1,0,1,19.4,83,0,1657645118
0,1,1,19.59,83,0,1658016308
0,0,1,19.38,81,1,1657128567
0,1,1,18.81,77,0,1656979451
0,1,1,19.22,75,0,1657766468
1,1,1,19.66,60,0,1657401855
1,1,1,19.86,80,0,1656971043
0,1,1,18.78,87,0,1657609683
0,1,1,18.74,87,1,1657268534
0,0,1,18.5,80,0,1657197482
0,1,1,19.27,83,0,1657853549
0,1,1,19.03,80,0,1657758659
0,1,1,18.7,77,1,1656996391
0,0,1,19.05,80,0,1657048273
0,0,1,18.63,83,1,1657114663
1,0,1,19.31,83,0,1656795719
0,0,1,19.7,83,0,1657988080
1,0,1,19.27,82,0,1656956031
1,1,1,19.05,90,1,1657759260
0,0,1,20.08,84,0,1657990482
0,1,1,18.65,84,0,1656918805
1,1,1,19.03,73,0,1657860755
0,0,1,18.72,86,0,1657363420
0,0,1,18.78,91,0,1657204088
1,0,1,19.05,81,0,1657037984
1,0,1,19.27,85,0,1657126762
0,1,1,19.29,89,1,1657863758
0,1,1,19.27,85,1,1656717045
1,1,1,19.16,94,0,1657660737
0,1,1,19.38,78,1,1656736863
0,1,1,19.16,75,1,1657509383
0,1,1,18.7,84,1,1657185472
1,1,1,18.76,80,0,1657247469
0,1,1,19.09,75,1,1656727255
1,0,1,19.44,79,0,1656526667
0,1,1,19.03,80,1,1656912801
0,0,1,18.83,86,0,1657795295
0,1,1,19.4,89,1,1657412063
0,1,1,18.39,73,1,1657696777
0,1,1,18.78,93,1,1657521397
0,0,1,18.46,82,1,1656927210
0,1,1,18.74,91,1,1656628760
0,0,1,19.03,81,0,1656596923
0,0,1,19.48,87,1,1656697832
0,0,1,18.65,87,0,1657451699
0,1,1,19.35,83,1,1656727855
0,1,1,18.78,80,0,1657524402
0,0,1,20.12,76,1,1657993485
0,0,1,19.48,86,0,1657557436
0,1,1,18.83,80,1,1657790490
1,0,1,19.73,80,0,1657394048
1,0,1,19.03,73,1,1656524246
0,1,1,19.38,80,0,1656723050
0,1,1,19.42,71,1,1656716444
0,0,1,19.38,85,0,1657912405
0,0,1,18.83,91,0,1657364622
0,0,1,19.38,80,1,1657219099
0,0,1,19.07,80,0,1657205289
1,0,1,19.13,80,0,1657571248
1,1,1,18.78,73,1,1657595870
1,0,1,18.87,81,0,1656939217
1,0,1,19.73,85,0,1656706238
0,0,1,19.48,105,0,1656612546
0,1,1,18.19,81,0,1657700380
1,1,1,19.33,80,0,1657071864
0,1,1,19.07,81,1,1657428279
0,1,1,19.11,86,1,1657864959
1,0,1,19.38,80,1,1657659536
0,0,1,18.37,79,0,1656929011
1,1,1,19.73,91,0,1657923215
0,0,1,19.38,94,0,1657398252
0,1,1,19.16,77,0,1657056097
1,0,1,19.35,84,0,1657140433
0,1,1,19.03,83,1,1657784485
0,0,1,19.03,87,1,1657805504
0,1,1,18.89,82,0,1656744070
1,0,1,19.33,81,0,1656613748
0,1,1,19.0,83,0,1656640773
0,0,1,19.38,98,0,1657473323
0,0,1,18.74,80,1,1657460110
0,0,1,19.16,81,1,1657737640
0,1,1,19.18,80,1,1657069457
1,0,1,19.11,93,0,1657382636
0,0,1,19.42,78,0,1657048876
0,1,1,19.03,81,1,1657577253
0,1,1,19.27,87,1,1658011503
0,0,0,-273.15,0,0,1656507294
0,1,1,18.43,80,1,1656922407
0,0,1,18.61,87,0,1657791091
0,0,1,19.38,80,1,1656795118
1,1,1,19.16,90,0,1657582658
1,1,1,19.4,79,1,1656728456
0,1,1,19.18,97,1,1657752654
0,0,1,18.54,80,1,1656670796
1,0,1,18.74,82,1,1656942820
0,1,1,19.51,80,1,1656829941
0,0,1,19.73,84,0,1656870167
0,0,1,19.03,80,1,1657368224
0,0,1,18.65,83,1,1656755478
0,1,1,19.24,80,0,1657344806
0,1,1,18.94,72,1,1657256525
1,1,1,18.89,84,0,1657786286
1,0,1,18.89,80,1,1657461912
0,0,1,18.74,80,0,1657277541
0,0,1,18.92,83,0,1657464314
0,1,1,19.44,86,0,1657322584
1,0,1,19.59,85,0,1657292554
1,0,1,19.83,79,0,1656688820
0,0,1,19.35,88,1,1657398853
0,0,1,18.57,80,0,1657103827
1,0,1,19.33,69,0,1657045807
0,0,1,18.83,81,0,1657124354
0,0,1,19.38,87,0,1657812710
0,1,1,19.24,89,0,1657065786
0,0,1,19.38,87,1,1657643916
1,0,1,19.27,86,0,1657291954
0,1,1,19.27,77,1,1656836545
1,1,1,18.74,81,0,1656975247
1,0,1,19.81,87,1,1657979672
1,0,1,19.48,78,0,1657813911
0,0,1,19.59,82,1,1656690626
0,1,1,19.4,75,0,1656823337
0,0,1,18.65,80,0,1657024743
0,1,1,19.13,92,0,1656735062
1,1,1,19.03,91,0,1657752053
0,0,1,19.29,96,0,1657377832
0,1,1,19.07,85,1,1656634167
1,1,0,19.05,81,0,1657586261
0,0,1,18.94,71,1,1656966239
0,0,1,18.39,82,1,1657445694
1,0,1,19.16,98,1,1657210093
1,1,1,19.42,80,1,1657323185
0,0,1,18.78,80,1,1657453504
1,0,1,19.24,77,1,1656954229
0,0,1,19.13,80,1,1657222106
1,0,1,18.76,82,0,1657878171
1,1,0,19.35,77,1,1657852948
0,0,1,19.38,80,1,1657559838
0,0,1,18.68,80,0,1657199284
0,0,1,19.18,82,0,1658055947
0,1,1,18.96,79,0,1657435485
1,1,1,19.44,90,0,1657837333
1,0,1,18.83,82,1,1656600527
0,0,1,19.97,84,0,1657302163
0,0,1,18.96,93,0,1657794694
0,0,1,19.31,82,0,1657213095
1,0,1,18.76,78,0,1656763883
0,0,1,20.64,80,0,1657649924
1,0,1,19.62,83,1,1657900994
0,1,1,18.81,73,0,1657176465
0,1,1,19.51,90,1,1656898391
0,0,1,19.79,82,1,1656862962
1,1,1,19.05,83,0,1656546017
0,0,1,19.11,83,0,1657639712
0,0,1,18.39,81,0,1657190878
0,0,1,19.62,80,0,1656787900
0,1,1,18.78,75,1,1656973445
0,0,1,18.48,94,0,1657106235
0,0,1,19.97,80,0,1658000091
1,0,1,20.14,81,1,1656869567
0,1,1,18.96,89,0,1657173462
0,1,1,19.07,81,1,1657079748
0,1,1,19.24,100,0,1657342404
0,0,1,19.0,91,1,1657207691
0,1,1,18.61,79,0,1656665992
1,1,1,18.89,92,1,1657583258
0,0,1,18.33,81,0,1656667794
1,1,0,19.03,80,1,1657591066
1,0,1,19.51,92,1,1656775291
1,0,1,19.18,89,0,1657974266
0,0,1,18.57,81,1,1656938017
0,1,1,18.74,84,1,1657182470
1,0,1,19.48,90,1,1657894387
0,0,1,19.09,90,0,1657037381
0,1,1,18.89,78,0,1657670346
0,0,1,19.03,81,0,1656960835
0,1,1,19.07,80,1,1657957450
0,0,1,19.75,84,0,1656880375
0,1,1,18.92,80,0,1656995790
1,1,1,18.94,86,1,1657354413
1,0,1,19.03,80,0,1657803102
1,1,1,19.7,80,1,1656817333
0,0,1,19.03,80,0,1656763283
0,1,1,18.74,81,0,1657168058
0,1,1,18.98,89,1,1657077942
0,1,1,18.7,80,1,1657178867
0,1,1,19.42,78,0,1656894788
1,0,1,19.31,83,1,1656533922
0,1,0,19.44,87,1,1657332796
0,0,1,18.33,87,0,1657015714
1,1,1,19.73,87,0,1658016909
1,1,1,19.38,60,1,1656544808
0,1,1,18.89,80,0,1656553875
0,0,1,18.78,93,1,1657546626
0,0,1,19.16,87,0,1657897991
1,1,1,18.68,83,1,1656470817
0,1,1,19.16,87,1,1657847543
1,0,1,19.86,79,0,1656685814
0,0,1,19.73,80,0,1656880975
0,1,1,19.09,82,1,1656559922
0,1,1,18.65,82,1,1657608482
0,0,1,19.22,99,1,1657473923
0,0,1,19.11,86,0,1657221506
0,1,1,18.61,79,0,1656667194
1,0,1,19.73,80,1,1657303364
0,1,1,18.35,90,1,1657614487
0,1,1,18.96,74,0,1657783284
0,0,1,18.98,83,0,1657882375
0,0,1,19.09,82,0,1657804303
0,0,1,20.54,79,0,1657796496
0,0,1,19.16,67,0,1657217298
1,0,1,19.03,76,0,1657042197
0,0,1,19.38,80,0,1656605335
0,0,1,19.73,80,0,1656614348
0,0,1,19.73,86,0,1657917209
0,0,1,19.07,81,0,1657973065
1,0,1,18.52,87,1,1657533409
1,0,1,19.83,87,0,1657919011
0,0,1,19.09,85,0,1657891384
0,1,1,19.18,77,0,1656995188
0,0,1,19.03,74,1,1657035575
0,1,1,19.57,79,1,1658032524
1,1,1,18.96,83,1,1657760461
0,1,1,18.87,77,1,1657175865
0,1,1,18.37,76,1,1657442691
0,1,1,18.83,83,0,1657607281
0,1,1,19.03,85,1,1657602477
0,1,1,19.0,63,1,1656475617
0,1,1,18.89,75,1,1657261929
0,1,1,18.92,87,0,1657164455
0,0,1,19.59,97,1,1657907600
0,1,1,18.57,84,1,1657525603
0,1,1,19.13,81,1,1656991460
0,1,1,19.38,80,0,1656745271
1,1,1,19.03,81,1,1657574250
1,1,1,19.38,80,1,1657497972
1,1,1,19.03,98,0,1657157849
1,0,1,19.16,86,1,1656598724
0,0,1,18.92,80,1,1657879973
0,0,1,18.28,80,0,1656929611
0,1,1,19.33,80,1,1657406659
0,1,1,19.29,78,1,1657953246
0,1,1,18.83,85,1,1657604278
0,0,1,19.09,82,1,1656962636
0,1,1,18.81,81,0,1656460017
0,1,1,19.03,87,1,1657786887
0,0,1,18.76,95,0,1657273338
1,0,1,19.42,80,0,1657124956
0,1,1,18.7,80,0,1656747072
0,1,1,18.72,80,0,1657261329
1,0,1,18.87,78,0,1657034373
1,0,1,20.27,77,1,1656877973
0,1,1,19.73,88,1,1657919612
0,1,1,19.09,96,0,1656724853
0,0,1,20.12,86,1,1657972465
0,1,1,19.07,80,0,1657850546
0,1,1,19.35,76,1,1657757458
0,1,1,18.96,85,1,1657169259
0,0,1,18.81,71,1,1657457108
0,1,1,18.48,88,1,1657699179
0,1,1,19.51,91,0,1657928020
0,1,1,19.22,87,1,1656625758
1,1,1,19.73,80,0,1657411463
1,0,1,19.35,80,1,1657038586
0,0,1,19.31,91,0,1657379634
0,0,1,19.27,80,0,1656774090
0,0,1,19.09,86,0,1656604134
1,1,1,19.38,89,0,1656818534
0,0,1,19.03,84,0,1657549028
0,1,1,19.18,80,1,1657071263
0,1,1,19.07,91,0,1656549645
1,1,1,18.37,80,0,1657442091
0,0,1,18.48,80,0,1656930812
0,1,1,19.57,87,1,1658037929
0,1,1,18.87,73,0,1656660588
1,0,1,19.38,79,0,1656520013
0,0,1,19.57,85,1,1657901594
0,1,1,19.44,82,1,1656823937
0,1,1,19.18,85,1,1656914002
0,0,1,19.35,71,1,1657562840
1,1,1,19.66,84,0,1657926218
0,0,1,19.59,66,0,1657302763
0,1,1,19.05,80,1,1656646778
1,0,1,18.68,82,1,1657272737
0,1,1,19.03,80,0,1657355614
0,1,1,18.81,80,0,1657963456
0,0,1,19.73,80,1,1656789702
0,1,1,19.18,91,0,1658042133
1,0,1,18.68,91,1,1657281145
0,1,1,19.4,91,1,1657348409
